name,description,category
Precision Hacksaw,Precision Hacksaw suitable for professional use in cutting tools tasks.,Cutting Tools
Heavy-Duty Bolt Cutter,Heavy-Duty Bolt Cutter suitable for professional use in cutting tools tasks.,Cutting Tools
Utility Knife XL,Utility Knife XL suitable for professional use in cutting tools tasks.,Cutting Tools
ProGrip Tile Cutter,ProGrip Tile Cutter suitable for professional use in cutting tools tasks.,Cutting Tools
Compact Wire Snips,Compact Wire Snips suitable for professional use in cutting tools tasks.,Cutting Tools
Metal Shears,Metal Shears suitable for professional use in cutting tools tasks.,Cutting Tools
Pipe Cutter Pro,Pipe Cutter Pro suitable for professional use in cutting tools tasks.,Cutting Tools
Craft Knife Kit,Craft Knife Kit suitable for professional use in cutting tools tasks.,Cutting Tools
Hand Saw Deluxe,Hand Saw Deluxe suitable for professional use in cutting tools tasks.,Cutting Tools
Glass Cutter Pen,Glass Cutter Pen suitable for professional use in cutting tools tasks.,Cutting Tools
Industrial Blade Set,Industrial Blade Set suitable for professional use in cutting tools tasks.,Cutting Tools
Sheet Metal Nibbler,Sheet Metal Nibbler suitable for professional use in cutting tools tasks.,Cutting Tools
Multi-Cut Scissors,Multi-Cut Scissors suitable for professional use in cutting tools tasks.,Cutting Tools
Mini Bolt Snips,Mini Bolt Snips suitable for professional use in cutting tools tasks.,Cutting Tools
Insulated Cable Cutter,Insulated Cable Cutter suitable for professional use in cutting tools tasks.,Cutting Tools
PVC Pipe Trimmer,PVC Pipe Trimmer suitable for professional use in cutting tools tasks.,Cutting Tools
Wood Chisel Knife,Wood Chisel Knife suitable for professional use in cutting tools tasks.,Cutting Tools
Panel Saw,Panel Saw suitable for professional use in cutting tools tasks.,Cutting Tools
Plier Cutter Combo,Plier Cutter Combo suitable for professional use in cutting tools tasks.,Cutting Tools
Circle Cutter Tool,Circle Cutter Tool suitable for professional use in cutting tools tasks.,Cutting Tools
Gasket Cutting Knife,Gasket Cutting Knife suitable for professional use in cutting tools tasks.,Cutting Tools
Rebar Cutter,Rebar Cutter suitable for professional use in cutting tools tasks.,Cutting Tools
Drywall Jab Saw,Drywall Jab Saw suitable for professional use in cutting tools tasks.,Cutting Tools
Knife with Snap Blades,Knife with Snap Blades suitable for professional use in cutting tools tasks.,Cutting Tools
Mini Hacksaw Frame,Mini Hacksaw Frame suitable for professional use in cutting tools tasks.,Cutting Tools
Deburring Tool Set,Deburring Tool Set suitable for professional use in cutting tools tasks.,Cutting Tools
Ratchet Pipe Cutter,Ratchet Pipe Cutter suitable for professional use in cutting tools tasks.,Cutting Tools
Vinyl Cutter Knife,Vinyl Cutter Knife suitable for professional use in cutting tools tasks.,Cutting Tools
Corner Cutter Tool,Corner Cutter Tool suitable for professional use in cutting tools tasks.,Cutting Tools
Compact Notcher,Compact Notcher suitable for professional use in cutting tools tasks.,Cutting Tools
Digital Caliper 150mm,Digital Caliper 150mm suitable for professional use in measuring instruments tasks.,Measuring Instruments
Laser Distance Meter,Laser Distance Meter suitable for professional use in measuring instruments tasks.,Measuring Instruments
Measuring Wheel Pro,Measuring Wheel Pro suitable for professional use in measuring instruments tasks.,Measuring Instruments
Analog Dial Indicator,Analog Dial Indicator suitable for professional use in measuring instruments tasks.,Measuring Instruments
Precision Ruler Set,Precision Ruler Set suitable for professional use in measuring instruments tasks.,Measuring Instruments
Pocket Level Mini,Pocket Level Mini suitable for professional use in measuring instruments tasks.,Measuring Instruments
Angle Finder Gauge,Angle Finder Gauge suitable for professional use in measuring instruments tasks.,Measuring Instruments
Digital Thermometer Gun,Digital Thermometer Gun suitable for professional use in measuring instruments tasks.,Measuring Instruments
Sound Level Meter,Sound Level Meter suitable for professional use in measuring instruments tasks.,Measuring Instruments
Stud Finder Sensor,Stud Finder Sensor suitable for professional use in measuring instruments tasks.,Measuring Instruments
Plumb Bob Kit,Plumb Bob Kit suitable for professional use in measuring instruments tasks.,Measuring Instruments
Feeler Gauge Set,Feeler Gauge Set suitable for professional use in measuring instruments tasks.,Measuring Instruments
Torque Wrench,Torque Wrench suitable for professional use in measuring instruments tasks.,Measuring Instruments
Height Gauge,Height Gauge suitable for professional use in measuring instruments tasks.,Measuring Instruments
Multimeter Pro,Multimeter Pro suitable for professional use in measuring instruments tasks.,Measuring Instruments
Steel Tape Measure,Steel Tape Measure suitable for professional use in measuring instruments tasks.,Measuring Instruments
Surface Roughness Tester,Surface Roughness Tester suitable for professional use in measuring instruments tasks.,Measuring Instruments
Digital Spirit Level,Digital Spirit Level suitable for professional use in measuring instruments tasks.,Measuring Instruments
Moisture Meter,Moisture Meter suitable for professional use in measuring instruments tasks.,Measuring Instruments
Combination Square,Combination Square suitable for professional use in measuring instruments tasks.,Measuring Instruments
Clamp Meter,Clamp Meter suitable for professional use in measuring instruments tasks.,Measuring Instruments
Digital Micrometer,Digital Micrometer suitable for professional use in measuring instruments tasks.,Measuring Instruments
Inside Caliper Tool,Inside Caliper Tool suitable for professional use in measuring instruments tasks.,Measuring Instruments
Pipe Laser,Pipe Laser suitable for professional use in measuring instruments tasks.,Measuring Instruments
Roof Pitch Gauge,Roof Pitch Gauge suitable for professional use in measuring instruments tasks.,Measuring Instruments
Thermal Imaging Tool,Thermal Imaging Tool suitable for professional use in measuring instruments tasks.,Measuring Instruments
Water Pressure Gauge,Water Pressure Gauge suitable for professional use in measuring instruments tasks.,Measuring Instruments
Inclinometer Digital,Inclinometer Digital suitable for professional use in measuring instruments tasks.,Measuring Instruments
Bubble Level Stick,Bubble Level Stick suitable for professional use in measuring instruments tasks.,Measuring Instruments
Scribing Compass,Scribing Compass suitable for professional use in measuring instruments tasks.,Measuring Instruments
Telescopic Ladder 3.8m,Telescopic Ladder 3.8m suitable for professional use in ladders & scaffolding tasks.,Ladders & Scaffolding
Multi-Position Ladder,Multi-Position Ladder suitable for professional use in ladders & scaffolding tasks.,Ladders & Scaffolding
Step Ladder 5ft,Step Ladder 5ft suitable for professional use in ladders & scaffolding tasks.,Ladders & Scaffolding
Aluminum Platform Ladder,Aluminum Platform Ladder suitable for professional use in ladders & scaffolding tasks.,Ladders & Scaffolding
Folding Scaffolding System,Folding Scaffolding System suitable for professional use in ladders & scaffolding tasks.,Ladders & Scaffolding
Extendable Loft Ladder,Extendable Loft Ladder suitable for professional use in ladders & scaffolding tasks.,Ladders & Scaffolding
Rolling Scaffold Tower,Rolling Scaffold Tower suitable for professional use in ladders & scaffolding tasks.,Ladders & Scaffolding
Fiberglass Ladder Pro,Fiberglass Ladder Pro suitable for professional use in ladders & scaffolding tasks.,Ladders & Scaffolding
Collapsible Work Platform,Collapsible Work Platform suitable for professional use in ladders & scaffolding tasks.,Ladders & Scaffolding
Double Sided Ladder,Double Sided Ladder suitable for professional use in ladders & scaffolding tasks.,Ladders & Scaffolding
Rope Ladder Heavy-Duty,Rope Ladder Heavy-Duty suitable for professional use in ladders & scaffolding tasks.,Ladders & Scaffolding
Safety Rail Kit,Safety Rail Kit suitable for professional use in ladders & scaffolding tasks.,Ladders & Scaffolding
Staging Planks,Staging Planks suitable for professional use in ladders & scaffolding tasks.,Ladders & Scaffolding
Wall-Mounted Ladder,Wall-Mounted Ladder suitable for professional use in ladders & scaffolding tasks.,Ladders & Scaffolding
Adjustable Ladder Legs,Adjustable Ladder Legs suitable for professional use in ladders & scaffolding tasks.,Ladders & Scaffolding
Work Stand Platform,Work Stand Platform suitable for professional use in ladders & scaffolding tasks.,Ladders & Scaffolding
Attic Access Ladder,Attic Access Ladder suitable for professional use in ladders & scaffolding tasks.,Ladders & Scaffolding
Modular Scaffold,Modular Scaffold suitable for professional use in ladders & scaffolding tasks.,Ladders & Scaffolding
Step Stool Foldable,Step Stool Foldable suitable for professional use in ladders & scaffolding tasks.,Ladders & Scaffolding
Mini Platform Step,Mini Platform Step suitable for professional use in ladders & scaffolding tasks.,Ladders & Scaffolding
Wide Step Ladder,Wide Step Ladder suitable for professional use in ladders & scaffolding tasks.,Ladders & Scaffolding
Aluminum Bench Ladder,Aluminum Bench Ladder suitable for professional use in ladders & scaffolding tasks.,Ladders & Scaffolding
Portable Scaffold Plank,Portable Scaffold Plank suitable for professional use in ladders & scaffolding tasks.,Ladders & Scaffolding
Guardrail Set,Guardrail Set suitable for professional use in ladders & scaffolding tasks.,Ladders & Scaffolding
Adjustable Step Platform,Adjustable Step Platform suitable for professional use in ladders & scaffolding tasks.,Ladders & Scaffolding
Walkboard Scaffolding,Walkboard Scaffolding suitable for professional use in ladders & scaffolding tasks.,Ladders & Scaffolding
Outrigger Stabilizer,Outrigger Stabilizer suitable for professional use in ladders & scaffolding tasks.,Ladders & Scaffolding
Trestle Ladder,Trestle Ladder suitable for professional use in ladders & scaffolding tasks.,Ladders & Scaffolding
Suspended Platform Lift,Suspended Platform Lift suitable for professional use in ladders & scaffolding tasks.,Ladders & Scaffolding
Mobile Work Tower,Mobile Work Tower suitable for professional use in ladders & scaffolding tasks.,Ladders & Scaffolding
Drill Bit Set 25pc,Drill Bit Set 25pc suitable for professional use in power tool accessories tasks.,Power Tool Accessories
Rotary Tool Kit,Rotary Tool Kit suitable for professional use in power tool accessories tasks.,Power Tool Accessories
Oscillating Multi-Tool Blades,Oscillating Multi-Tool Blades suitable for professional use in power tool accessories tasks.,Power Tool Accessories
Impact Driver Bits,Impact Driver Bits suitable for professional use in power tool accessories tasks.,Power Tool Accessories
Hole Saw Set,Hole Saw Set suitable for professional use in power tool accessories tasks.,Power Tool Accessories
Diamond Cutting Disc,Diamond Cutting Disc suitable for professional use in power tool accessories tasks.,Power Tool Accessories
Sanding Pad Set,Sanding Pad Set suitable for professional use in power tool accessories tasks.,Power Tool Accessories
Circular Saw Blade,Circular Saw Blade suitable for professional use in power tool accessories tasks.,Power Tool Accessories
Router Bit Collection,Router Bit Collection suitable for professional use in power tool accessories tasks.,Power Tool Accessories
Masonry Drill Bits,Masonry Drill Bits suitable for professional use in power tool accessories tasks.,Power Tool Accessories
Reciprocating Saw Blades,Reciprocating Saw Blades suitable for professional use in power tool accessories tasks.,Power Tool Accessories
Jigsaw Blade Set,Jigsaw Blade Set suitable for professional use in power tool accessories tasks.,Power Tool Accessories
Wire Brush Attachments,Wire Brush Attachments suitable for professional use in power tool accessories tasks.,Power Tool Accessories
Polishing Pad Kit,Polishing Pad Kit suitable for professional use in power tool accessories tasks.,Power Tool Accessories
Cutting Wheels for Dremel,Cutting Wheels for Dremel suitable for professional use in power tool accessories tasks.,Power Tool Accessories
Drill Stop Collars,Drill Stop Collars suitable for professional use in power tool accessories tasks.,Power Tool Accessories
Flexible Shaft Attachment,Flexible Shaft Attachment suitable for professional use in power tool accessories tasks.,Power Tool Accessories
Magnetic Bit Holder,Magnetic Bit Holder suitable for professional use in power tool accessories tasks.,Power Tool Accessories
Quick Change Chuck,Quick Change Chuck suitable for professional use in power tool accessories tasks.,Power Tool Accessories
Cobalt Bit Set,Cobalt Bit Set suitable for professional use in power tool accessories tasks.,Power Tool Accessories
Power Mixer Paddle,Power Mixer Paddle suitable for professional use in power tool accessories tasks.,Power Tool Accessories
Drywall Screw Setter,Drywall Screw Setter suitable for professional use in power tool accessories tasks.,Power Tool Accessories
Dust Extraction Adapter,Dust Extraction Adapter suitable for professional use in power tool accessories tasks.,Power Tool Accessories
Wood Boring Bit,Wood Boring Bit suitable for professional use in power tool accessories tasks.,Power Tool Accessories
Glass Drill Bits,Glass Drill Bits suitable for professional use in power tool accessories tasks.,Power Tool Accessories
Angle Grinder Disc Set,Angle Grinder Disc Set suitable for professional use in power tool accessories tasks.,Power Tool Accessories
Hinge Boring Bit,Hinge Boring Bit suitable for professional use in power tool accessories tasks.,Power Tool Accessories
Tool Battery Adapter,Tool Battery Adapter suitable for professional use in power tool accessories tasks.,Power Tool Accessories
Hex Bit Set,Hex Bit Set suitable for professional use in power tool accessories tasks.,Power Tool Accessories
Carbide Burr Kit,Carbide Burr Kit suitable for professional use in power tool accessories tasks.,Power Tool Accessories
Rechargeable LED Work Light,Rechargeable LED Work Light suitable for professional use in workshop lighting tasks.,Workshop Lighting
Clamp-On Task Lamp,Clamp-On Task Lamp suitable for professional use in workshop lighting tasks.,Workshop Lighting
Overhead Shop Light 4ft,Overhead Shop Light 4ft suitable for professional use in workshop lighting tasks.,Workshop Lighting
Magnetic Base Light,Magnetic Base Light suitable for professional use in workshop lighting tasks.,Workshop Lighting
Portable Flood Light,Portable Flood Light suitable for professional use in workshop lighting tasks.,Workshop Lighting
Tripod LED Lamp,Tripod LED Lamp suitable for professional use in workshop lighting tasks.,Workshop Lighting
Under Cabinet Strip Light,Under Cabinet Strip Light suitable for professional use in workshop lighting tasks.,Workshop Lighting
Task Light with Dimmer,Task Light with Dimmer suitable for professional use in workshop lighting tasks.,Workshop Lighting
Motion Sensor Work Light,Motion Sensor Work Light suitable for professional use in workshop lighting tasks.,Workshop Lighting
Caged Hanging Bulb,Caged Hanging Bulb suitable for professional use in workshop lighting tasks.,Workshop Lighting
Shop Light Fixture,Shop Light Fixture suitable for professional use in workshop lighting tasks.,Workshop Lighting
Rotating Utility Light,Rotating Utility Light suitable for professional use in workshop lighting tasks.,Workshop Lighting
LED Inspection Penlight,LED Inspection Penlight suitable for professional use in workshop lighting tasks.,Workshop Lighting
Rechargeable Headlamp,Rechargeable Headlamp suitable for professional use in workshop lighting tasks.,Workshop Lighting
COB LED Pocket Light,COB LED Pocket Light suitable for professional use in workshop lighting tasks.,Workshop Lighting
360° Rotating Light,360° Rotating Light suitable for professional use in workshop lighting tasks.,Workshop Lighting
Cordless Trouble Light,Cordless Trouble Light suitable for professional use in workshop lighting tasks.,Workshop Lighting
UV Leak Detection Lamp,UV Leak Detection Lamp suitable for professional use in workshop lighting tasks.,Workshop Lighting
Battery Lantern Industrial,Battery Lantern Industrial suitable for professional use in workshop lighting tasks.,Workshop Lighting
Telescoping Shop Light,Telescoping Shop Light suitable for professional use in workshop lighting tasks.,Workshop Lighting
Dual-Head Work Light,Dual-Head Work Light suitable for professional use in workshop lighting tasks.,Workshop Lighting
High Lumen Flood Light,High Lumen Flood Light suitable for professional use in workshop lighting tasks.,Workshop Lighting
Clamp Light Fixture,Clamp Light Fixture suitable for professional use in workshop lighting tasks.,Workshop Lighting
LED Panel Light,LED Panel Light suitable for professional use in workshop lighting tasks.,Workshop Lighting
Handheld Torch Light,Handheld Torch Light suitable for professional use in workshop lighting tasks.,Workshop Lighting
Ceiling Mount Fixture,Ceiling Mount Fixture suitable for professional use in workshop lighting tasks.,Workshop Lighting
LED Tube Light,LED Tube Light suitable for professional use in workshop lighting tasks.,Workshop Lighting
Slim Bar Work Light,Slim Bar Work Light suitable for professional use in workshop lighting tasks.,Workshop Lighting
Battery Area Light,Battery Area Light suitable for professional use in workshop lighting tasks.,Workshop Lighting
Magnetic Trouble Light,Magnetic Trouble Light suitable for professional use in workshop lighting tasks.,Workshop Lighting
Multi-Purpose Spray Lubricant,Multi-Purpose Spray Lubricant suitable for professional use in lubricants & cleaners tasks.,Lubricants & Cleaners
Degreaser Spray,Degreaser Spray suitable for professional use in lubricants & cleaners tasks.,Lubricants & Cleaners
Contact Cleaner Aerosol,Contact Cleaner Aerosol suitable for professional use in lubricants & cleaners tasks.,Lubricants & Cleaners
Silicone Lubricant,Silicone Lubricant suitable for professional use in lubricants & cleaners tasks.,Lubricants & Cleaners
Rust Remover Gel,Rust Remover Gel suitable for professional use in lubricants & cleaners tasks.,Lubricants & Cleaners
Graphite Powder Lubricant,Graphite Powder Lubricant suitable for professional use in lubricants & cleaners tasks.,Lubricants & Cleaners
Brake Cleaner Spray,Brake Cleaner Spray suitable for professional use in lubricants & cleaners tasks.,Lubricants & Cleaners
WD Oil Lubricant,WD Oil Lubricant suitable for professional use in lubricants & cleaners tasks.,Lubricants & Cleaners
Penetrating Oil,Penetrating Oil suitable for professional use in lubricants & cleaners tasks.,Lubricants & Cleaners
Chain Lube,Chain Lube suitable for professional use in lubricants & cleaners tasks.,Lubricants & Cleaners
Electrical Contact Spray,Electrical Contact Spray suitable for professional use in lubricants & cleaners tasks.,Lubricants & Cleaners
Foam Engine Cleaner,Foam Engine Cleaner suitable for professional use in lubricants & cleaners tasks.,Lubricants & Cleaners
Multi-Lube Oil,Multi-Lube Oil suitable for professional use in lubricants & cleaners tasks.,Lubricants & Cleaners
Citrus Degreaser,Citrus Degreaser suitable for professional use in lubricants & cleaners tasks.,Lubricants & Cleaners
Gear Oil Dispenser,Gear Oil Dispenser suitable for professional use in lubricants & cleaners tasks.,Lubricants & Cleaners
White Lithium Grease,White Lithium Grease suitable for professional use in lubricants & cleaners tasks.,Lubricants & Cleaners
Thread Locker,Thread Locker suitable for professional use in lubricants & cleaners tasks.,Lubricants & Cleaners
Rust Converter Spray,Rust Converter Spray suitable for professional use in lubricants & cleaners tasks.,Lubricants & Cleaners
Industrial Hand Cleaner,Industrial Hand Cleaner suitable for professional use in lubricants & cleaners tasks.,Lubricants & Cleaners
Carburetor Cleaner,Carburetor Cleaner suitable for professional use in lubricants & cleaners tasks.,Lubricants & Cleaners
Bearing Grease Tube,Bearing Grease Tube suitable for professional use in lubricants & cleaners tasks.,Lubricants & Cleaners
Synthetic Motor Oil,Synthetic Motor Oil suitable for professional use in lubricants & cleaners tasks.,Lubricants & Cleaners
Chain Wax Spray,Chain Wax Spray suitable for professional use in lubricants & cleaners tasks.,Lubricants & Cleaners
Gun Cleaning Solvent,Gun Cleaning Solvent suitable for professional use in lubricants & cleaners tasks.,Lubricants & Cleaners
Pump Oil Applicator,Pump Oil Applicator suitable for professional use in lubricants & cleaners tasks.,Lubricants & Cleaners
High Temp Grease,High Temp Grease suitable for professional use in lubricants & cleaners tasks.,Lubricants & Cleaners
Solvent Tank Cleaner,Solvent Tank Cleaner suitable for professional use in lubricants & cleaners tasks.,Lubricants & Cleaners
Eco Degreasing Fluid,Eco Degreasing Fluid suitable for professional use in lubricants & cleaners tasks.,Lubricants & Cleaners
Dry Film Lubricant,Dry Film Lubricant suitable for professional use in lubricants & cleaners tasks.,Lubricants & Cleaners
Pipe Joint Lubricant,Pipe Joint Lubricant suitable for professional use in lubricants & cleaners tasks.,Lubricants & Cleaners
Diamond Knife Sharpener,Diamond Knife Sharpener suitable for professional use in tool sharpening tools tasks.,Tool Sharpening Tools
Chainsaw Blade Sharpener,Chainsaw Blade Sharpener suitable for professional use in tool sharpening tools tasks.,Tool Sharpening Tools
Rotary Blade Sharpener,Rotary Blade Sharpener suitable for professional use in tool sharpening tools tasks.,Tool Sharpening Tools
Chisel Honing Guide,Chisel Honing Guide suitable for professional use in tool sharpening tools tasks.,Tool Sharpening Tools
Sharpening Stone Set,Sharpening Stone Set suitable for professional use in tool sharpening tools tasks.,Tool Sharpening Tools
Carbide Sharpener,Carbide Sharpener suitable for professional use in tool sharpening tools tasks.,Tool Sharpening Tools
Grinding Wheel Dresser,Grinding Wheel Dresser suitable for professional use in tool sharpening tools tasks.,Tool Sharpening Tools
Electric Blade Sharpener,Electric Blade Sharpener suitable for professional use in tool sharpening tools tasks.,Tool Sharpening Tools
File Set for Tools,File Set for Tools suitable for professional use in tool sharpening tools tasks.,Tool Sharpening Tools
Axe Sharpening Kit,Axe Sharpening Kit suitable for professional use in tool sharpening tools tasks.,Tool Sharpening Tools
Bench Grinder Wheel,Bench Grinder Wheel suitable for professional use in tool sharpening tools tasks.,Tool Sharpening Tools
Scissor Sharpener,Scissor Sharpener suitable for professional use in tool sharpening tools tasks.,Tool Sharpening Tools
Sanding Belt Sharpener,Sanding Belt Sharpener suitable for professional use in tool sharpening tools tasks.,Tool Sharpening Tools
Honing Oil Bottle,Honing Oil Bottle suitable for professional use in tool sharpening tools tasks.,Tool Sharpening Tools
Rotary Blade Hone,Rotary Blade Hone suitable for professional use in tool sharpening tools tasks.,Tool Sharpening Tools
Flat Diamond Plate,Flat Diamond Plate suitable for professional use in tool sharpening tools tasks.,Tool Sharpening Tools
Multi-Angle Sharpener,Multi-Angle Sharpener suitable for professional use in tool sharpening tools tasks.,Tool Sharpening Tools
Wet Stone Grinder,Wet Stone Grinder suitable for professional use in tool sharpening tools tasks.,Tool Sharpening Tools
Precision Honing Guide,Precision Honing Guide suitable for professional use in tool sharpening tools tasks.,Tool Sharpening Tools
Edge Restorer Tool,Edge Restorer Tool suitable for professional use in tool sharpening tools tasks.,Tool Sharpening Tools
Sharpening Steel Rod,Sharpening Steel Rod suitable for professional use in tool sharpening tools tasks.,Tool Sharpening Tools
Drill Bit Sharpener,Drill Bit Sharpener suitable for professional use in tool sharpening tools tasks.,Tool Sharpening Tools
Lawn Mower Blade Sharpener,Lawn Mower Blade Sharpener suitable for professional use in tool sharpening tools tasks.,Tool Sharpening Tools
Waterstone Kit,Waterstone Kit suitable for professional use in tool sharpening tools tasks.,Tool Sharpening Tools
Sharpening Angle Jig,Sharpening Angle Jig suitable for professional use in tool sharpening tools tasks.,Tool Sharpening Tools
Serrated Knife Sharpener,Serrated Knife Sharpener suitable for professional use in tool sharpening tools tasks.,Tool Sharpening Tools
Razor Blade Honer,Razor Blade Honer suitable for professional use in tool sharpening tools tasks.,Tool Sharpening Tools
Sandpaper Block Sharpener,Sandpaper Block Sharpener suitable for professional use in tool sharpening tools tasks.,Tool Sharpening Tools
Tool Edge Restorer,Tool Edge Restorer suitable for professional use in tool sharpening tools tasks.,Tool Sharpening Tools
Hook Knife Sharpener,Hook Knife Sharpener suitable for professional use in tool sharpening tools tasks.,Tool Sharpening Tools
Heavy-Duty Workbench,Heavy-Duty Workbench suitable for professional use in workshop furniture tasks.,Workshop Furniture
Rolling Tool Cabinet,Rolling Tool Cabinet suitable for professional use in workshop furniture tasks.,Workshop Furniture
Adjustable Work Stool,Adjustable Work Stool suitable for professional use in workshop furniture tasks.,Workshop Furniture
Metal Storage Rack,Metal Storage Rack suitable for professional use in workshop furniture tasks.,Workshop Furniture
Workbench with Pegboard,Workbench with Pegboard suitable for professional use in workshop furniture tasks.,Workshop Furniture
Wall-Mount Tool Organizer,Wall-Mount Tool Organizer suitable for professional use in workshop furniture tasks.,Workshop Furniture
Mobile Tool Trolley,Mobile Tool Trolley suitable for professional use in workshop furniture tasks.,Workshop Furniture
Workbench Drawer System,Workbench Drawer System suitable for professional use in workshop furniture tasks.,Workshop Furniture
Folding Work Table,Folding Work Table suitable for professional use in workshop furniture tasks.,Workshop Furniture
Corner Workbench,Corner Workbench suitable for professional use in workshop furniture tasks.,Workshop Furniture
Height Adjustable Table,Height Adjustable Table suitable for professional use in workshop furniture tasks.,Workshop Furniture
Wooden Shop Bench,Wooden Shop Bench suitable for professional use in workshop furniture tasks.,Workshop Furniture
Steel Frame Cabinet,Steel Frame Cabinet suitable for professional use in workshop furniture tasks.,Workshop Furniture
Pegboard Panel Kit,Pegboard Panel Kit suitable for professional use in workshop furniture tasks.,Workshop Furniture
Workbench Mat,Workbench Mat suitable for professional use in workshop furniture tasks.,Workshop Furniture
Tool Chest with Wheels,Tool Chest with Wheels suitable for professional use in workshop furniture tasks.,Workshop Furniture
Compact Shop Shelf,Compact Shop Shelf suitable for professional use in workshop furniture tasks.,Workshop Furniture
Workbench Light Rail,Workbench Light Rail suitable for professional use in workshop furniture tasks.,Workshop Furniture
Workbench Vise Mount,Workbench Vise Mount suitable for professional use in workshop furniture tasks.,Workshop Furniture
Mobile Cart with Drawers,Mobile Cart with Drawers suitable for professional use in workshop furniture tasks.,Workshop Furniture
Workbench Wire Shelf,Workbench Wire Shelf suitable for professional use in workshop furniture tasks.,Workshop Furniture
Plastic Storage Bins,Plastic Storage Bins suitable for professional use in workshop furniture tasks.,Workshop Furniture
Portable Workstation,Portable Workstation suitable for professional use in workshop furniture tasks.,Workshop Furniture
Workbench Clamp Rail,Workbench Clamp Rail suitable for professional use in workshop furniture tasks.,Workshop Furniture
Workbench Side Tray,Workbench Side Tray suitable for professional use in workshop furniture tasks.,Workshop Furniture
Under-Bench Cabinet,Under-Bench Cabinet suitable for professional use in workshop furniture tasks.,Workshop Furniture
Workstation Stool,Workstation Stool suitable for professional use in workshop furniture tasks.,Workshop Furniture
Workbench Dust Collector,Workbench Dust Collector suitable for professional use in workshop furniture tasks.,Workshop Furniture
Woodshop Tool Stand,Woodshop Tool Stand suitable for professional use in workshop furniture tasks.,Workshop Furniture
Garage Wall Cabinet,Garage Wall Cabinet suitable for professional use in workshop furniture tasks.,Workshop Furniture
Cordless Rivet Gun,Cordless Rivet Gun suitable for professional use in fastening tools tasks.,Fastening Tools
Hex Key Set (Metric),Hex Key Set (Metric) suitable for professional use in fastening tools tasks.,Fastening Tools
Torque Screwdriver,Torque Screwdriver suitable for professional use in fastening tools tasks.,Fastening Tools
Impact Wrench Set,Impact Wrench Set suitable for professional use in fastening tools tasks.,Fastening Tools
Nut Driver Kit,Nut Driver Kit suitable for professional use in fastening tools tasks.,Fastening Tools
Power Nailer,Power Nailer suitable for professional use in fastening tools tasks.,Fastening Tools
Screwdriver Bit Kit,Screwdriver Bit Kit suitable for professional use in fastening tools tasks.,Fastening Tools
Bolt Fastening Gun,Bolt Fastening Gun suitable for professional use in fastening tools tasks.,Fastening Tools
Clamp Set,Clamp Set suitable for professional use in fastening tools tasks.,Fastening Tools
Staple Gun Heavy-Duty,Staple Gun Heavy-Duty suitable for professional use in fastening tools tasks.,Fastening Tools
Nail Set Punch,Nail Set Punch suitable for professional use in fastening tools tasks.,Fastening Tools
Screw Extractor Kit,Screw Extractor Kit suitable for professional use in fastening tools tasks.,Fastening Tools
Anchor Setting Tool,Anchor Setting Tool suitable for professional use in fastening tools tasks.,Fastening Tools
Threaded Insert Tool,Threaded Insert Tool suitable for professional use in fastening tools tasks.,Fastening Tools
Blind Rivet Tool,Blind Rivet Tool suitable for professional use in fastening tools tasks.,Fastening Tools
Socket Set Standard,Socket Set Standard suitable for professional use in fastening tools tasks.,Fastening Tools
Torque Wrench Click Type,Torque Wrench Click Type suitable for professional use in fastening tools tasks.,Fastening Tools
Electric Screwdriver,Electric Screwdriver suitable for professional use in fastening tools tasks.,Fastening Tools
Drywall Screw Gun,Drywall Screw Gun suitable for professional use in fastening tools tasks.,Fastening Tools
Rivet Nut Tool,Rivet Nut Tool suitable for professional use in fastening tools tasks.,Fastening Tools
Nail Puller Tool,Nail Puller Tool suitable for professional use in fastening tools tasks.,Fastening Tools
Adjustable Spanner,Adjustable Spanner suitable for professional use in fastening tools tasks.,Fastening Tools
Socket Driver Handle,Socket Driver Handle suitable for professional use in fastening tools tasks.,Fastening Tools
Precision Screw Set,Precision Screw Set suitable for professional use in fastening tools tasks.,Fastening Tools
Cable Tie Gun,Cable Tie Gun suitable for professional use in fastening tools tasks.,Fastening Tools
Stapler/Nailer Combo,Stapler/Nailer Combo suitable for professional use in fastening tools tasks.,Fastening Tools
Pneumatic Screw Gun,Pneumatic Screw Gun suitable for professional use in fastening tools tasks.,Fastening Tools
Lock Nut Wrench,Lock Nut Wrench suitable for professional use in fastening tools tasks.,Fastening Tools
T-Handle Hex Set,T-Handle Hex Set suitable for professional use in fastening tools tasks.,Fastening Tools
Quick-Release Bit Holder,Quick-Release Bit Holder suitable for professional use in fastening tools tasks.,Fastening Tools
Impact-Resistant Tool Case,Impact-Resistant Tool Case suitable for professional use in protective storage cases tasks.,Protective Storage Cases
Waterproof Organizer Box,Waterproof Organizer Box suitable for professional use in protective storage cases tasks.,Protective Storage Cases
Rolling Tool Chest with Locks,Rolling Tool Chest with Locks suitable for professional use in protective storage cases tasks.,Protective Storage Cases
Custom Foam Insert Case,Custom Foam Insert Case suitable for professional use in protective storage cases tasks.,Protective Storage Cases
Hard Shell Tool Case,Hard Shell Tool Case suitable for professional use in protective storage cases tasks.,Protective Storage Cases
Stackable Storage Bins,Stackable Storage Bins suitable for professional use in protective storage cases tasks.,Protective Storage Cases
Lockable Storage Trunk,Lockable Storage Trunk suitable for professional use in protective storage cases tasks.,Protective Storage Cases
Plastic Carrying Case,Plastic Carrying Case suitable for professional use in protective storage cases tasks.,Protective Storage Cases
Drawer Organizer Tray,Drawer Organizer Tray suitable for professional use in protective storage cases tasks.,Protective Storage Cases
Small Parts Organizer,Small Parts Organizer suitable for professional use in protective storage cases tasks.,Protective Storage Cases
Weatherproof Gear Case,Weatherproof Gear Case suitable for professional use in protective storage cases tasks.,Protective Storage Cases
Clear Lid Storage Box,Clear Lid Storage Box suitable for professional use in protective storage cases tasks.,Protective Storage Cases
Heavy-Duty Tool Box,Heavy-Duty Tool Box suitable for professional use in protective storage cases tasks.,Protective Storage Cases
Compact Organizer Pouch,Compact Organizer Pouch suitable for professional use in protective storage cases tasks.,Protective Storage Cases
Laptop Safe Case,Laptop Safe Case suitable for professional use in protective storage cases tasks.,Protective Storage Cases
Multi-Compartment Tool Case,Multi-Compartment Tool Case suitable for professional use in protective storage cases tasks.,Protective Storage Cases
Workshop Storage Cube,Workshop Storage Cube suitable for professional use in protective storage cases tasks.,Protective Storage Cases
Tool Roll-Up Bag,Tool Roll-Up Bag suitable for professional use in protective storage cases tasks.,Protective Storage Cases
Divider Tool Case,Divider Tool Case suitable for professional use in protective storage cases tasks.,Protective Storage Cases
Tough Storage Crate,Tough Storage Crate suitable for professional use in protective storage cases tasks.,Protective Storage Cases
Wall-Mount Bin Rack,Wall-Mount Bin Rack suitable for professional use in protective storage cases tasks.,Protective Storage Cases
Portable Equipment Case,Portable Equipment Case suitable for professional use in protective storage cases tasks.,Protective Storage Cases
Mobile Tool Locker,Mobile Tool Locker suitable for professional use in protective storage cases tasks.,Protective Storage Cases
Plastic Storage Drawer,Plastic Storage Drawer suitable for professional use in protective storage cases tasks.,Protective Storage Cases
Gear Bag with Strap,Gear Bag with Strap suitable for professional use in protective storage cases tasks.,Protective Storage Cases
Transparent Compartment Case,Transparent Compartment Case suitable for professional use in protective storage cases tasks.,Protective Storage Cases
Organizer Caddy,Organizer Caddy suitable for professional use in protective storage cases tasks.,Protective Storage Cases
Stackable Drawer System,Stackable Drawer System suitable for professional use in protective storage cases tasks.,Protective Storage Cases
Lockable Organizer Cabinet,Lockable Organizer Cabinet suitable for professional use in protective storage cases tasks.,Protective Storage Cases
Soft Tool Tote,Soft Tool Tote suitable for professional use in protective storage cases tasks.,Protective Storage Cases