first_name,last_name,address,city,state,country,postcode,phone,dob,email,password,role,enabled,failed_login_attempts
Mary,Thomas,293 Gallagher Prairie,Paulfurt,Kansas,Jersey,67663,992.288.7512,1991-07-07,mary.thomas1460@example.com,$2a$10$hashedpasswordexample,user,1,0
Charles,Sweeney,4979 Adam Mills Suite 022,Davidsonport,Wisconsin,Tajikistan,76915,312-167-1811x63384,1980-12-16,charles.sweeney4043@example.com,$2a$10$hashedpasswordexample,user,1,0
Alyssa,Curtis,0057 Lee Lodge Apt. 467,West Christopherville,Kentucky,Bosnia and Herzegovina,96877,384.274.8555,1974-03-21,alyssa.curtis6478@example.com,$2a$10$hashedpasswordexample,user,1,0
Andrew,Wyatt,84735 Contreras Valleys Apt. 564,Cobbport,New York,Antigua and Barbuda,94270,001-741-163-8309,1972-06-01,andrew.wyatt1465@example.com,$2a$10$hashedpasswordexample,user,1,0
Marvin,Williams,956 Craig Locks,Benjaminmouth,Maine,Antarctica (the territory South of 60 d,45063,(568)634-8330,1988-07-10,marvin.williams4798@example.com,$2a$10$hashedpasswordexample,user,1,0
Anthony,Henderson,036 Veronica Manors Suite 161,East Douglas,Vermont,Congo,82333,506.927.3892x96174,1968-08-23,anthony.henderson7736@example.com,$2a$10$hashedpasswordexample,user,1,0
Randy,Pena,710 Allen Overpass,Kristenborough,Nevada,Cook Islands,13777,+1-424-976-8451,1995-01-03,randy.pena1708@example.com,$2a$10$hashedpasswordexample,user,1,0
Audrey,Young,5191 Jackson Harbors,Lake Douglasport,Rhode Island,Trinidad and Tobago,36698,001-747-968-2236x52615,2004-10-11,audrey.young5121@example.com,$2a$10$hashedpasswordexample,user,1,0
Julie,Hopkins,8389 Myers Turnpike Apt. 848,Lake Michelleville,North Carolina,Jersey,10329,682.282.5051x5188,1983-10-13,julie.hopkins1617@example.com,$2a$10$hashedpasswordexample,user,1,0
Mitchell,Glenn,215 Nelson Walks Apt. 948,Port Jeffreyview,Hawaii,Sao Tome and Principe,04875,951.411.0033,1978-02-14,mitchell.glenn9335@example.com,$2a$10$hashedpasswordexample,user,1,0
Kevin,Clark,731 Smith Walks,West Carolshire,Utah,Bosnia and Herzegovina,39871,001-150-507-6002x464,1979-03-13,kevin.clark6928@example.com,$2a$10$hashedpasswordexample,user,1,0
Scott,Lopez,9533 Maria Drive Apt. 003,Amandatown,Alabama,Aruba,80252,663.703.8361x520,2004-03-08,scott.lopez9387@example.com,$2a$10$hashedpasswordexample,user,1,0
Johnny,Smith,06843 Ruiz Village,Justinview,South Dakota,Finland,80205,475-356-4096x85385,2004-11-22,johnny.smith6666@example.com,$2a$10$hashedpasswordexample,user,1,0
Christina,Briggs,066 Herrera Corners Apt. 206,Dylanland,Hawaii,Saint Pierre and Miquelon,35640,314.508.4074x471,1981-04-14,christina.briggs8391@example.com,$2a$10$hashedpasswordexample,user,1,0
Katherine,Richardson,474 Melissa Islands Apt. 910,Johnsonbury,Virginia,Ecuador,53149,(463)936-5128,1961-04-28,katherine.richardson3974@example.com,$2a$10$hashedpasswordexample,user,1,0
Gregory,Foley,634 Jackson Crossroad,North Christopher,Texas,Germany,59629,(925)700-2317x93885,1990-11-11,gregory.foley2567@example.com,$2a$10$hashedpasswordexample,user,1,0
Kelly,Huang,6308 Angela Ports,Emilyton,Pennsylvania,Liechtenstein,26777,8427514148,2007-07-08,kelly.huang8695@example.com,$2a$10$hashedpasswordexample,user,1,0
Victoria,Bailey,7067 Robert Harbors Suite 652,Mckenzieberg,South Carolina,Netherlands Antilles,64921,+1-543-240-2160x3032,1963-06-12,victoria.bailey6702@example.com,$2a$10$hashedpasswordexample,user,1,0
April,Davis,3389 Christopher Circle,Gregoryberg,Wisconsin,United States Virgin Islands,03138,280.650.8264x629,1969-10-05,april.davis5117@example.com,$2a$10$hashedpasswordexample,user,1,0
Veronica,Lamb,3986 Jose Circle,New Dylanborough,Vermont,Poland,10890,330-197-0939x6678,1987-09-23,veronica.lamb8769@example.com,$2a$10$hashedpasswordexample,user,1,0
Steven,Lindsey,486 Fisher Route Suite 639,Meyershire,Arizona,Jersey,55385,9338429859,1963-06-05,steven.lindsey9847@example.com,$2a$10$hashedpasswordexample,user,1,0
Brian,Melendez,5827 Nelson Fields,Lake Morganstad,Florida,Marshall Islands,89661,0974964013,2000-11-07,brian.melendez9070@example.com,$2a$10$hashedpasswordexample,user,1,0
Jennifer,Savage,33344 Willie Stravenue Apt. 827,Franklinborough,Colorado,Algeria,24403,(909)489-0270x46597,1962-11-05,jennifer.savage5533@example.com,$2a$10$hashedpasswordexample,user,1,0
Kevin,Osborn,691 Cox Village Apt. 503,Jamesland,Nevada,Bahamas,92085,750.790.1503x5302,1964-07-13,kevin.osborn9467@example.com,$2a$10$hashedpasswordexample,user,1,0
Aaron,Williams,898 Brendan Corner Suite 558,Haroldton,New Jersey,Nigeria,85796,453.721.2446x95207,1986-03-11,aaron.williams4738@example.com,$2a$10$hashedpasswordexample,user,1,0
Jonathan,Stevens,43987 Perez Harbors Apt. 975,Kathyhaven,Massachusetts,Romania,79827,373.968.8816x93182,1987-12-30,jonathan.stevens8372@example.com,$2a$10$hashedpasswordexample,user,1,0
Monica,Robles,90021 Brown Bridge,Ianport,Vermont,Turkmenistan,07876,804.652.1378,1990-04-29,monica.robles4594@example.com,$2a$10$hashedpasswordexample,user,1,0
Kristen,Weber,4671 Parker Fields,Coleshire,Indiana,Albania,89524,336-832-3924x7304,2003-06-09,kristen.weber6383@example.com,$2a$10$hashedpasswordexample,user,1,0
Andrew,Cummings,714 Melissa Pike Suite 843,Walterville,Vermont,Bolivia,06883,932-144-4867x669,1990-01-01,andrew.cummings3550@example.com,$2a$10$hashedpasswordexample,user,1,0
Linda,Castaneda,386 Chandler Prairie Suite 917,Mcbrideville,Iowa,Ireland,16890,001-629-544-6582x9109,1970-12-08,linda.castaneda6239@example.com,$2a$10$hashedpasswordexample,user,1,0
Raymond,Bennett,388 Garcia Causeway,West Leslieland,Georgia,Jamaica,71072,(804)585-6065,1976-05-22,raymond.bennett1259@example.com,$2a$10$hashedpasswordexample,user,1,0
Kimberly,Vargas,647 Joseph Dam,Angelamouth,Arizona,Vietnam,39595,439.417.1176,2007-07-02,kimberly.vargas3481@example.com,$2a$10$hashedpasswordexample,user,1,0
Mark,Ramirez,0024 Jeremiah Falls,Mariashire,Missouri,Madagascar,81729,001-039-598-1035x830,1996-05-12,mark.ramirez8407@example.com,$2a$10$hashedpasswordexample,user,1,0
David,Martinez,80755 Underwood Mill Suite 646,South John,Idaho,Qatar,97245,001-907-061-7196x8777,1968-01-14,david.martinez4954@example.com,$2a$10$hashedpasswordexample,user,1,0
Brett,Gomez,118 Jessica Tunnel,West Helen,Oklahoma,Belarus,23915,009.761.5366x997,1983-04-27,brett.gomez8196@example.com,$2a$10$hashedpasswordexample,user,1,0
Phillip,Bryant,4673 Bradley Groves Apt. 266,Scottville,Michigan,Mexico,76023,001-462-089-7330,2001-06-01,phillip.bryant3635@example.com,$2a$10$hashedpasswordexample,user,1,0
Adam,Jimenez,556 Christina Village Suite 415,Piercemouth,North Dakota,Netherlands Antilles,11816,7080956247,2000-09-08,adam.jimenez4198@example.com,$2a$10$hashedpasswordexample,user,1,0
Jonathan,Russo,26289 Walker Ferry Suite 174,Leahbury,New Mexico,Malawi,02831,548.679.8697x754,1984-01-16,jonathan.russo5543@example.com,$2a$10$hashedpasswordexample,user,1,0
Kevin,Hamilton,17994 Russell Estate,South Henry,Illinois,Anguilla,16949,198.210.4020,1971-06-04,kevin.hamilton9817@example.com,$2a$10$hashedpasswordexample,user,1,0
Jason,Anderson,784 Schultz Stravenue Suite 279,Taylorland,Kansas,Holy See (Vatican City State),21172,(137)280-8686x580,1984-04-30,jason.anderson2883@example.com,$2a$10$hashedpasswordexample,user,1,0
William,Peck,42310 Williams Branch Suite 257,East Jason,West Virginia,Pitcairn Islands,38381,001-665-262-1246x21530,1978-11-25,william.peck3949@example.com,$2a$10$hashedpasswordexample,user,1,0
Brenda,Clayton,217 Roy Glen Suite 006,Port James,California,Portugal,22765,(183)146-8227x9979,1976-11-22,brenda.clayton9476@example.com,$2a$10$hashedpasswordexample,user,1,0
Jessica,Blanchard,050 Crystal Parks,North Kristen,South Carolina,Singapore,87002,+1-756-318-3602x263,2002-07-09,jessica.blanchard2760@example.com,$2a$10$hashedpasswordexample,user,1,0
Nicholas,Bowman,6213 Meagan Expressway,Beckershire,Delaware,Wallis and Futuna,57002,001-935-666-0919x1282,1974-04-16,nicholas.bowman2096@example.com,$2a$10$hashedpasswordexample,user,1,0
Cristian,Golden,172 Matthew Track Apt. 446,Smithmouth,Nevada,Turks and Caicos Islands,82772,+1-514-659-9329x9917,1988-11-22,cristian.golden4357@example.com,$2a$10$hashedpasswordexample,user,1,0
Christine,Pruitt,6924 Jacqueline Underpass Suite 804,West Jennaside,Connecticut,Ethiopia,37654,001-962-678-8745,1971-04-12,christine.pruitt7674@example.com,$2a$10$hashedpasswordexample,user,1,0
Juan,Rodriguez,631 Chavez Groves,South Angela,Idaho,Bosnia and Herzegovina,48976,890.850.1767x40252,1985-09-02,juan.rodriguez3573@example.com,$2a$10$hashedpasswordexample,user,1,0
Crystal,Hutchinson,237 Lewis Junction,Kathyshire,Wyoming,Sri Lanka,42535,+1-629-109-9339,1986-05-08,crystal.hutchinson8250@example.com,$2a$10$hashedpasswordexample,user,1,0
William,Thomas,61763 Johnson Burg,Nicholsonbury,Washington,Yemen,61329,(314)012-8592x98253,1988-10-08,william.thomas6967@example.com,$2a$10$hashedpasswordexample,user,1,0
Sandra,Chan,51048 Shelby Groves Apt. 881,Duncanberg,Iowa,Sweden,21425,0327309185,2004-06-12,sandra.chan7765@example.com,$2a$10$hashedpasswordexample,user,1,0
Andrea,Williams,12686 Riley Branch Apt. 414,New Jamesmouth,Tennessee,Iceland,86005,(073)400-0214,2003-11-04,andrea.williams4856@example.com,$2a$10$hashedpasswordexample,user,1,0
Richard,Poole,39463 Wilson Ville,Alexanderburgh,Washington,Tuvalu,95518,001-081-129-3476x70746,1973-01-21,richard.poole3652@example.com,$2a$10$hashedpasswordexample,user,1,0
Kiara,Rodriguez,297 Martin Terrace Apt. 148,Carlsonville,Nebraska,Pitcairn Islands,13940,486-267-0082x548,1984-02-12,kiara.rodriguez7222@example.com,$2a$10$hashedpasswordexample,user,1,0
Billy,Gilbert,081 Holloway Mountains Suite 406,East Jesusport,Indiana,Bulgaria,09559,745.771.8468,2002-12-10,billy.gilbert1711@example.com,$2a$10$hashedpasswordexample,user,1,0
Mark,Young,457 Meyer Ports,Smithfurt,Alabama,Haiti,12323,(004)458-6963x36466,1984-02-18,mark.young9996@example.com,$2a$10$hashedpasswordexample,user,1,0
Ryan,Rivera,1348 Kim Via Apt. 141,Kayleeberg,West Virginia,Uganda,84954,483.326.9614,1981-09-27,ryan.rivera6855@example.com,$2a$10$hashedpasswordexample,user,1,0
Michael,Valdez,4455 Edwards Court Apt. 077,East Anthonybury,Nevada,Morocco,74494,(595)402-6187,1990-01-13,michael.valdez7422@example.com,$2a$10$hashedpasswordexample,user,1,0
Stacey,Bradford,42889 Jared Overpass,Lake Todd,Montana,Isle of Man,46524,+1-337-866-0409x3275,2006-01-09,stacey.bradford6093@example.com,$2a$10$hashedpasswordexample,user,1,0
Kara,Lucas,398 Karina Radial,Lake Christopher,Wyoming,Zimbabwe,32695,023-315-9240,2002-04-09,kara.lucas2023@example.com,$2a$10$hashedpasswordexample,user,1,0
Molly,King,711 Cooper Manor,South Steven,Kentucky,Liberia,84161,0569010123,1985-09-14,molly.king6312@example.com,$2a$10$hashedpasswordexample,user,1,0
Richard,Hoffman,732 Jackson Dale Suite 712,South Fernandostad,Hawaii,Tunisia,06363,7805178302,1996-03-23,richard.hoffman3562@example.com,$2a$10$hashedpasswordexample,user,1,0
Walter,Vasquez,8345 John Garden,Lake Elizabeth,Indiana,Vanuatu,94214,001-049-729-8036x09621,1992-02-02,walter.vasquez2420@example.com,$2a$10$hashedpasswordexample,user,1,0
Barbara,Haynes,42427 Michelle Common,Jasonton,Iowa,Malaysia,94467,479-665-4627x742,1973-06-26,barbara.haynes5107@example.com,$2a$10$hashedpasswordexample,user,1,0
Gloria,Wood,4960 Armstrong Union Suite 974,New Randy,Alaska,Nauru,18791,+1-529-080-5345,1995-09-20,gloria.wood2662@example.com,$2a$10$hashedpasswordexample,user,1,0
Billy,Roberts,69050 Barry Lights,West Jenniferborough,Maine,Antarctica (the territory South of 60 d,40162,+1-355-156-3869,2006-07-02,billy.roberts4238@example.com,$2a$10$hashedpasswordexample,user,1,0
Matthew,Boone,39896 Mckenzie Views Apt. 158,Gibbshaven,Hawaii,France,57517,004-330-7563,2006-07-31,matthew.boone9656@example.com,$2a$10$hashedpasswordexample,user,1,0
Mary,Hogan,745 Michelle Throughway,East Steven,New Jersey,Trinidad and Tobago,07301,911.578.2030x110,2001-11-10,mary.hogan6837@example.com,$2a$10$hashedpasswordexample,user,1,0
Elizabeth,Barber,17881 Sarah Loop Suite 450,West Joshua,Tennessee,Jamaica,70015,6678048487,1989-12-14,elizabeth.barber2931@example.com,$2a$10$hashedpasswordexample,user,1,0
David,Weaver,2383 Earl Extensions Apt. 678,Rodriguezhaven,Delaware,Finland,01366,659.231.5011x580,2003-03-28,david.weaver8740@example.com,$2a$10$hashedpasswordexample,user,1,0
Jay,Benson,591 Hanson Isle Apt. 383,Oliverstad,Tennessee,French Southern Territories,29097,(578)016-3344x0479,1984-10-07,jay.benson7075@example.com,$2a$10$hashedpasswordexample,user,1,0
Edgar,Gonzalez,67744 Emily Loaf,Stevensville,Maryland,San Marino,66296,+1-462-928-8959x2378,1984-10-07,edgar.gonzalez4850@example.com,$2a$10$hashedpasswordexample,user,1,0
Sheri,Munoz,465 Morgan Isle Apt. 771,Lake Jessetown,Alaska,Saint Barthelemy,99887,001-163-924-2583x614,1981-02-22,sheri.munoz3754@example.com,$2a$10$hashedpasswordexample,user,1,0
Ryan,Welch,1823 Shaffer Lane Suite 684,Brownchester,Pennsylvania,Malta,57490,001-558-659-7730x59804,1967-04-02,ryan.welch3623@example.com,$2a$10$hashedpasswordexample,user,1,0
Gregory,Johnson,536 Elizabeth Street,South Elizabeth,Virginia,Ireland,79601,(384)778-1668x53030,1978-04-01,gregory.johnson8194@example.com,$2a$10$hashedpasswordexample,user,1,0
Michelle,Gilmore,461 Cross Landing Suite 503,Lake Jacob,Iowa,Albania,26921,(750)577-8873x5381,2000-11-14,michelle.gilmore5558@example.com,$2a$10$hashedpasswordexample,user,1,0
Jeremy,Ramirez,318 Roberts Coves,Carolynchester,Rhode Island,Uruguay,05794,610-533-7969x9559,1976-06-05,jeremy.ramirez5516@example.com,$2a$10$hashedpasswordexample,user,1,0
Vincent,Peters,858 Richard Gateway Suite 623,Andersonland,Kansas,Lithuania,19081,030-306-6456x9157,2006-10-09,vincent.peters6991@example.com,$2a$10$hashedpasswordexample,user,1,0
Juan,Lynch,6326 George Summit,Hicksside,Alabama,Kenya,52222,876-530-8393,1987-03-05,juan.lynch8051@example.com,$2a$10$hashedpasswordexample,user,1,0
Nicholas,Lewis,727 Ann Junctions,Port John,Arkansas,Tajikistan,50177,001-772-111-1374x89962,1977-04-28,nicholas.lewis4503@example.com,$2a$10$hashedpasswordexample,user,1,0
Samantha,Diaz,406 Brittany Port Apt. 136,Port Markberg,Kansas,Mongolia,18198,+1-830-027-9499x525,2005-06-18,samantha.diaz6851@example.com,$2a$10$hashedpasswordexample,user,1,0
Andrew,Mann,038 Mark Common,Lake Deannahaven,Nebraska,Senegal,25012,(065)421-7963,1975-08-26,andrew.mann2137@example.com,$2a$10$hashedpasswordexample,user,1,0
Todd,Porter,0196 Kayla Estates,Norrisberg,New York,Hungary,67545,442.856.8480x15579,1966-08-25,todd.porter5359@example.com,$2a$10$hashedpasswordexample,user,1,0
Matthew,Shepard,1193 Lewis Crossing Suite 649,New Ashley,Rhode Island,Western Sahara,64898,577.496.5486x861,1965-07-18,matthew.shepard4096@example.com,$2a$10$hashedpasswordexample,user,1,0
Carrie,Johnson,553 Robert Glen,South Carmenberg,Virginia,Netherlands Antilles,52548,(078)960-7629,1998-05-29,carrie.johnson7303@example.com,$2a$10$hashedpasswordexample,user,1,0
Shane,Chambers,265 Laura Trace,Ramoston,Idaho,Lao People's Democratic Republic,07202,9074512767,2004-12-13,shane.chambers1638@example.com,$2a$10$hashedpasswordexample,user,1,0
Charles,Yu,3812 Gonzalez Forge,New Susan,Missouri,Bermuda,41648,001-150-787-8883x7511,2007-06-14,charles.yu6883@example.com,$2a$10$hashedpasswordexample,user,1,0
Leslie,Griffith,89196 Christopher Drive,Gardnerborough,Wyoming,San Marino,18548,163-062-4825,1991-11-05,leslie.griffith6312@example.com,$2a$10$hashedpasswordexample,user,1,0
Melissa,Vazquez,70455 Amber Lodge,South Robert,South Dakota,Bahamas,43938,001-887-649-2870,1968-03-21,melissa.vazquez8521@example.com,$2a$10$hashedpasswordexample,user,1,0
Mark,Riley,97080 Wright Divide,Rebeccaview,Maine,Belize,66603,001-590-487-7894x4529,1996-09-29,mark.riley6227@example.com,$2a$10$hashedpasswordexample,user,1,0
Michael,Carter,057 Deborah Keys,Richardton,Washington,Korea,21203,7225991056,1985-01-15,michael.carter2827@example.com,$2a$10$hashedpasswordexample,user,1,0
Eileen,Dean,24238 April Manor Apt. 022,North Benjamin,Oregon,Benin,03221,+1-296-634-2971x23414,2006-03-24,eileen.dean7977@example.com,$2a$10$hashedpasswordexample,user,1,0
Andrea,Bryant,36931 Baker Pass Suite 200,East Deborahview,New Mexico,Nicaragua,52161,+1-018-620-8382x864,1961-10-30,andrea.bryant4109@example.com,$2a$10$hashedpasswordexample,user,1,0
Paul,Lowe,187 Russell Land Apt. 307,South Jason,West Virginia,Cape Verde,59057,013-342-4808,1986-05-26,paul.lowe6147@example.com,$2a$10$hashedpasswordexample,user,1,0
Glen,Cunningham,8177 Natasha Court Suite 214,East Samanthaburgh,Kansas,Saint Barthelemy,96716,(975)804-8658,1960-12-20,glen.cunningham7106@example.com,$2a$10$hashedpasswordexample,user,1,0
John,Turner,1292 Sanchez Fords Suite 760,South Austinton,Delaware,Argentina,66758,001-632-826-8496x1171,1988-07-29,john.turner4654@example.com,$2a$10$hashedpasswordexample,user,1,0
James,Todd,178 Jeremiah Shoal Apt. 328,Butlerberg,Hawaii,Botswana,08310,(521)797-2846x587,1963-05-27,james.todd8447@example.com,$2a$10$hashedpasswordexample,user,1,0
Kayla,Hatfield,134 Morgan Mountain Apt. 843,North Donald,West Virginia,Nigeria,40049,842.552.7102,1978-03-23,kayla.hatfield9473@example.com,$2a$10$hashedpasswordexample,user,1,0
Kathleen,Shah,6063 Michelle Motorway Suite 823,Lisahaven,New Mexico,Tunisia,65684,(588)736-2244x2928,2006-04-12,kathleen.shah3889@example.com,$2a$10$hashedpasswordexample,user,1,0
Steven,Short,634 Salas Street Apt. 127,Williamsberg,Utah,Cayman Islands,62514,001-725-614-8207x4781,1998-08-23,steven.short6610@example.com,$2a$10$hashedpasswordexample,user,1,0
Michele,Davis,5834 Maria Harbor Apt. 013,North George,New Mexico,United States of America,30011,(975)287-7482,2003-04-26,michele.davis8081@example.com,$2a$10$hashedpasswordexample,user,1,0